issue,url,tags
134928,https://github.com/rust-lang/rust/issues/134928,A-gcc
134466,https://github.com/rust-lang/rust/issues/134466,A-LLVM
134457,https://github.com/rust-lang/rust/issues/134457,A-LLVM
134288,https://github.com/rust-lang/rust/issues/134288,A-LLVM
133979,https://github.com/rust-lang/rust/issues/133979,A-LLVM
133911,https://github.com/rust-lang/rust/issues/133911,A-LLVM
133759,https://github.com/rust-lang/rust/issues/133759,A-LLVM
133754,https://github.com/rust-lang/rust/issues/133754,A-LLVM
133528,https://github.com/rust-lang/rust/issues/133528,A-LLVM
133414,https://github.com/rust-lang/rust/issues/133414,A-LLVM
133281,https://github.com/rust-lang/rust/issues/133281,A-LLVM
133276,https://github.com/rust-lang/rust/issues/133276,A-LLVM
133203,https://github.com/rust-lang/rust/issues/133203,A-LLVM
133177,https://github.com/rust-lang/rust/issues/133177,A-LLVM
132957,https://github.com/rust-lang/rust/issues/132957,A-LLVM
132909,https://github.com/rust-lang/rust/issues/132909,A-LLVM
132139,https://github.com/rust-lang/rust/issues/132139,A-LLVM
132014,https://github.com/rust-lang/rust/issues/132014,A-LLVM
131944,https://github.com/rust-lang/rust/issues/131944,A-LLVM
131164,https://github.com/rust-lang/rust/issues/131164,A-LLVM
131074,https://github.com/rust-lang/rust/issues/131074,A-LLVM
131031,https://github.com/rust-lang/rust/issues/131031,A-LLVM
130694,https://github.com/rust-lang/rust/issues/130694,A-LLVM
130656,https://github.com/rust-lang/rust/issues/130656,A-LLVM
130601,https://github.com/rust-lang/rust/issues/130601,A-LLVM
130333,https://github.com/rust-lang/rust/issues/130333,A-LLVM
130271,https://github.com/rust-lang/rust/issues/130271,A-LLVM
130003,https://github.com/rust-lang/rust/issues/130003,A-LLVM
129887,https://github.com/rust-lang/rust/issues/129887,A-LLVM
129795,https://github.com/rust-lang/rust/issues/129795,A-LLVM
129585,https://github.com/rust-lang/rust/issues/129585,A-LLVM
129530,https://github.com/rust-lang/rust/issues/129530,A-LLVM
129301,https://github.com/rust-lang/rust/issues/129301,A-LLVM
129224,https://github.com/rust-lang/rust/issues/129224,A-LLVM
129206,https://github.com/rust-lang/rust/issues/129206,A-LLVM
129157,https://github.com/rust-lang/rust/issues/129157,A-LLVM
129131,https://github.com/rust-lang/rust/issues/129131,A-LLVM
129064,https://github.com/rust-lang/rust/issues/129064,A-LLVM
128950,https://github.com/rust-lang/rust/issues/128950,A-LLVM
128769,https://github.com/rust-lang/rust/issues/128769,A-LLVM
128555,https://github.com/rust-lang/rust/issues/128555,A-LLVM
128479,https://github.com/rust-lang/rust/issues/128479,A-LLVM
128212,https://github.com/rust-lang/rust/issues/128212,A-LLVM
127829,https://github.com/rust-lang/rust/issues/127829,A-LLVM
127531,https://github.com/rust-lang/rust/issues/127531,A-LLVM
127286,https://github.com/rust-lang/rust/issues/127286,A-LLVM
127260,https://github.com/rust-lang/rust/issues/127260,A-LLVM
126585,https://github.com/rust-lang/rust/issues/126585,A-LLVM
125619,https://github.com/rust-lang/rust/issues/125619,A-LLVM
125545,https://github.com/rust-lang/rust/issues/125545,A-cranelift
125492,https://github.com/rust-lang/rust/issues/125492,A-LLVM
125373,https://github.com/rust-lang/rust/issues/125373,A-LLVM
125102,https://github.com/rust-lang/rust/issues/125102,A-LLVM
125053,https://github.com/rust-lang/rust/issues/125053,A-LLVM
124979,https://github.com/rust-lang/rust/issues/124979,A-LLVM
124824,https://github.com/rust-lang/rust/issues/124824,A-LLVM
124364,https://github.com/rust-lang/rust/issues/124364,A-LLVM
124319,https://github.com/rust-lang/rust/issues/124319,A-cranelift
123885,https://github.com/rust-lang/rust/issues/123885,A-LLVM
123772,https://github.com/rust-lang/rust/issues/123772,A-LLVM
123695,https://github.com/rust-lang/rust/issues/123695,A-LLVM
123510,https://github.com/rust-lang/rust/issues/123510,A-LLVM
123494,https://github.com/rust-lang/rust/issues/123494,A-LLVM
123120,https://github.com/rust-lang/rust/issues/123120,A-LLVM
122805,https://github.com/rust-lang/rust/issues/122805,A-LLVM
122476,https://github.com/rust-lang/rust/issues/122476,A-LLVM
122399,https://github.com/rust-lang/rust/issues/122399,A-cranelift
122252,https://github.com/rust-lang/rust/issues/122252,A-LLVM
122101,https://github.com/rust-lang/rust/issues/122101,A-LLVM
121960,https://github.com/rust-lang/rust/issues/121960,A-LLVM
121924,https://github.com/rust-lang/rust/issues/121924,A-LLVM
121889,https://github.com/rust-lang/rust/issues/121889,A-LLVM
121868,https://github.com/rust-lang/rust/issues/121868,A-LLVM
121444,https://github.com/rust-lang/rust/issues/121444,A-LLVM
121367,https://github.com/rust-lang/rust/issues/121367,A-LLVM
121305,https://github.com/rust-lang/rust/issues/121305,A-LLVM
121289,https://github.com/rust-lang/rust/issues/121289,A-LLVM
121239,https://github.com/rust-lang/rust/issues/121239,A-LLVM
121180,https://github.com/rust-lang/rust/issues/121180,A-LLVM
121081,https://github.com/rust-lang/rust/issues/121081,A-LLVM
121028,https://github.com/rust-lang/rust/issues/121028,A-LLVM
120921,https://github.com/rust-lang/rust/issues/120921,A-LLVM
120813,https://github.com/rust-lang/rust/issues/120813,A-LLVM
120493,https://github.com/rust-lang/rust/issues/120493,A-LLVM
120492,https://github.com/rust-lang/rust/issues/120492,A-LLVM
120440,https://github.com/rust-lang/rust/issues/120440,A-LLVM
120377,https://github.com/rust-lang/rust/issues/120377,A-LLVM
120260,https://github.com/rust-lang/rust/issues/120260,A-LLVM
120105,https://github.com/rust-lang/rust/issues/120105,A-LLVM
120075,https://github.com/rust-lang/rust/issues/120075,A-cranelift
119953,https://github.com/rust-lang/rust/issues/119953,A-LLVM
119910,https://github.com/rust-lang/rust/issues/119910,A-LLVM
119520,https://github.com/rust-lang/rust/issues/119520,A-LLVM
119422,https://github.com/rust-lang/rust/issues/119422,A-LLVM
119193,https://github.com/rust-lang/rust/issues/119193,A-LLVM
119179,https://github.com/rust-lang/rust/issues/119179,A-LLVM
119160,https://github.com/rust-lang/rust/issues/119160,A-LLVM
119120,https://github.com/rust-lang/rust/issues/119120,A-LLVM
119014,https://github.com/rust-lang/rust/issues/119014,A-LLVM
119005,https://github.com/rust-lang/rust/issues/119005,A-LLVM
118867,https://github.com/rust-lang/rust/issues/118867,A-LLVM
118674,https://github.com/rust-lang/rust/issues/118674,A-LLVM
118392,https://github.com/rust-lang/rust/issues/118392,A-LLVM
118388,https://github.com/rust-lang/rust/issues/118388,A-LLVM
118124,https://github.com/rust-lang/rust/issues/118124,A-LLVM
118079,https://github.com/rust-lang/rust/issues/118079,A-LLVM
117826,https://github.com/rust-lang/rust/issues/117826,A-LLVM
117366,https://github.com/rust-lang/rust/issues/117366,A-cranelift
117361,https://github.com/rust-lang/rust/issues/117361,A-LLVM
117324,https://github.com/rust-lang/rust/issues/117324,A-LLVM
117220,https://github.com/rust-lang/rust/issues/117220,A-LLVM
116976,https://github.com/rust-lang/rust/issues/116976,A-LLVM
116941,https://github.com/rust-lang/rust/issues/116941,A-LLVM
116817,https://github.com/rust-lang/rust/issues/116817,A-LLVM
116668,https://github.com/rust-lang/rust/issues/116668,A-LLVM
116582,https://github.com/rust-lang/rust/issues/116582,A-LLVM
116440,https://github.com/rust-lang/rust/issues/116440,A-LLVM
116177,https://github.com/rust-lang/rust/issues/116177,A-LLVM
116022,https://github.com/rust-lang/rust/issues/116022,A-LLVM
115970,https://github.com/rust-lang/rust/issues/115970,A-LLVM
115855,https://github.com/rust-lang/rust/issues/115855,A-LLVM
115742,https://github.com/rust-lang/rust/issues/115742,A-LLVM
115681,https://github.com/rust-lang/rust/issues/115681,A-LLVM
115385,https://github.com/rust-lang/rust/issues/115385,A-LLVM
115344,https://github.com/rust-lang/rust/issues/115344,A-LLVM
115339,https://github.com/rust-lang/rust/issues/115339,A-LLVM
115225,https://github.com/rust-lang/rust/issues/115225,A-LLVM
115212,https://github.com/rust-lang/rust/issues/115212,A-LLVM
115156,https://github.com/rust-lang/rust/issues/115156,A-LLVM
115069,https://github.com/rust-lang/rust/issues/115069,A-LLVM
114699,https://github.com/rust-lang/rust/issues/114699,A-LLVM
114691,https://github.com/rust-lang/rust/issues/114691,A-LLVM
114653,https://github.com/rust-lang/rust/issues/114653,A-LLVM
114508,https://github.com/rust-lang/rust/issues/114508,A-LLVM
114473,https://github.com/rust-lang/rust/issues/114473,A-LLVM
114334,https://github.com/rust-lang/rust/issues/114334,A-LLVM
114312,https://github.com/rust-lang/rust/issues/114312,A-LLVM
113757,https://github.com/rust-lang/rust/issues/113757,A-LLVM
113065,https://github.com/rust-lang/rust/issues/113065,A-LLVM
112826,https://github.com/rust-lang/rust/issues/112826,A-LLVM
112782,https://github.com/rust-lang/rust/issues/112782,A-LLVM
112767,https://github.com/rust-lang/rust/issues/112767,A-LLVM
112576,https://github.com/rust-lang/rust/issues/112576,A-LLVM
112548,https://github.com/rust-lang/rust/issues/112548,A-LLVM
112526,https://github.com/rust-lang/rust/issues/112526,A-LLVM
112509,https://github.com/rust-lang/rust/issues/112509,A-LLVM
112398,https://github.com/rust-lang/rust/issues/112398,A-LLVM
112381,https://github.com/rust-lang/rust/issues/112381,A-LLVM
112275,https://github.com/rust-lang/rust/issues/112275,A-LLVM
112262,https://github.com/rust-lang/rust/issues/112262,A-LLVM
112170,https://github.com/rust-lang/rust/issues/112170,A-LLVM
112061,https://github.com/rust-lang/rust/issues/112061,A-LLVM
112041,https://github.com/rust-lang/rust/issues/112041,A-LLVM
111893,https://github.com/rust-lang/rust/issues/111893,A-LLVM
111603,https://github.com/rust-lang/rust/issues/111603,A-LLVM
111559,https://github.com/rust-lang/rust/issues/111559,A-LLVM
111507,https://github.com/rust-lang/rust/issues/111507,A-LLVM
111471,https://github.com/rust-lang/rust/issues/111471,A-LLVM
111216,https://github.com/rust-lang/rust/issues/111216,A-LLVM
111214,https://github.com/rust-lang/rust/issues/111214,A-LLVM
111073,https://github.com/rust-lang/rust/issues/111073,A-LLVM
110883,https://github.com/rust-lang/rust/issues/110883,A-LLVM
110797,https://github.com/rust-lang/rust/issues/110797,A-LLVM
110743,https://github.com/rust-lang/rust/issues/110743,A-LLVM
110474,https://github.com/rust-lang/rust/issues/110474,A-LLVM
110472,https://github.com/rust-lang/rust/issues/110472,A-LLVM
110256,https://github.com/rust-lang/rust/issues/110256,A-LLVM
110087,https://github.com/rust-lang/rust/issues/110087,A-LLVM
110005,https://github.com/rust-lang/rust/issues/110005,A-LLVM
109987,https://github.com/rust-lang/rust/issues/109987,A-LLVM
109934,https://github.com/rust-lang/rust/issues/109934,A-LLVM
109807,https://github.com/rust-lang/rust/issues/109807,A-LLVM
109775,https://github.com/rust-lang/rust/issues/109775,A-LLVM
109730,https://github.com/rust-lang/rust/issues/109730,A-LLVM
109672,https://github.com/rust-lang/rust/issues/109672,A-LLVM
109671,https://github.com/rust-lang/rust/issues/109671,A-LLVM
109464,https://github.com/rust-lang/rust/issues/109464,A-LLVM
109328,https://github.com/rust-lang/rust/issues/109328,A-LLVM
109315,https://github.com/rust-lang/rust/issues/109315,A-cranelift
109314,https://github.com/rust-lang/rust/issues/109314,A-LLVM
109118,https://github.com/rust-lang/rust/issues/109118,A-LLVM
109067,https://github.com/rust-lang/rust/issues/109067,A-LLVM
108831,https://github.com/rust-lang/rust/issues/108831,A-LLVM
108395,https://github.com/rust-lang/rust/issues/108395,A-LLVM
108232,https://github.com/rust-lang/rust/issues/108232,A-LLVM
108030,https://github.com/rust-lang/rust/issues/108030,A-LLVM
107781,https://github.com/rust-lang/rust/issues/107781,A-LLVM
107681,https://github.com/rust-lang/rust/issues/107681,A-LLVM
107668,https://github.com/rust-lang/rust/issues/107668,A-LLVM
107617,https://github.com/rust-lang/rust/issues/107617,A-LLVM
107597,https://github.com/rust-lang/rust/issues/107597,A-LLVM
107554,https://github.com/rust-lang/rust/issues/107554,A-LLVM
107436,https://github.com/rust-lang/rust/issues/107436,A-LLVM
107310,https://github.com/rust-lang/rust/issues/107310,A-LLVM
107261,https://github.com/rust-lang/rust/issues/107261,A-LLVM
107208,https://github.com/rust-lang/rust/issues/107208,A-LLVM
106972,https://github.com/rust-lang/rust/issues/106972,A-LLVM
106871,https://github.com/rust-lang/rust/issues/106871,A-LLVM
106369,https://github.com/rust-lang/rust/issues/106369,A-LLVM
106288,https://github.com/rust-lang/rust/issues/106288,A-LLVM
106269,https://github.com/rust-lang/rust/issues/106269,A-LLVM
106211,https://github.com/rust-lang/rust/issues/106211,A-LLVM
106107,https://github.com/rust-lang/rust/issues/106107,A-LLVM
105967,https://github.com/rust-lang/rust/issues/105967,A-LLVM
105963,https://github.com/rust-lang/rust/issues/105963,A-cranelift
105807,https://github.com/rust-lang/rust/issues/105807,A-LLVM
105783,https://github.com/rust-lang/rust/issues/105783,A-LLVM
105626,https://github.com/rust-lang/rust/issues/105626,A-LLVM
105439,https://github.com/rust-lang/rust/issues/105439,A-LLVM
104579,https://github.com/rust-lang/rust/issues/104579,A-LLVM
104520,https://github.com/rust-lang/rust/issues/104520,A-LLVM
104220,https://github.com/rust-lang/rust/issues/104220,A-LLVM
104166,https://github.com/rust-lang/rust/issues/104166,A-LLVM
104099,https://github.com/rust-lang/rust/issues/104099,A-LLVM
103961,https://github.com/rust-lang/rust/issues/103961,A-LLVM
103949,https://github.com/rust-lang/rust/issues/103949,A-LLVM
103619,https://github.com/rust-lang/rust/issues/103619,A-LLVM
103380,https://github.com/rust-lang/rust/issues/103380,A-LLVM
103327,https://github.com/rust-lang/rust/issues/103327,A-LLVM
103304,https://github.com/rust-lang/rust/issues/103304,A-LLVM
103285,https://github.com/rust-lang/rust/issues/103285,A-LLVM
103149,https://github.com/rust-lang/rust/issues/103149,A-LLVM
103132,https://github.com/rust-lang/rust/issues/103132,A-LLVM
102983,https://github.com/rust-lang/rust/issues/102983,A-LLVM
102738,https://github.com/rust-lang/rust/issues/102738,A-LLVM
102722,https://github.com/rust-lang/rust/issues/102722,A-LLVM
102427,https://github.com/rust-lang/rust/issues/102427,A-LLVM
102402,https://github.com/rust-lang/rust/issues/102402,A-LLVM
102303,https://github.com/rust-lang/rust/issues/102303,A-LLVM
102278,https://github.com/rust-lang/rust/issues/102278,A-LLVM
102155,https://github.com/rust-lang/rust/issues/102155,A-LLVM
102141,https://github.com/rust-lang/rust/issues/102141,A-LLVM
101814,https://github.com/rust-lang/rust/issues/101814,A-LLVM
101638,https://github.com/rust-lang/rust/issues/101638,A-LLVM
101585,https://github.com/rust-lang/rust/issues/101585,A-LLVM
101377,https://github.com/rust-lang/rust/issues/101377,A-LLVM
101226,https://github.com/rust-lang/rust/issues/101226,A-cranelift
101210,https://github.com/rust-lang/rust/issues/101210,A-LLVM
101121,https://github.com/rust-lang/rust/issues/101121,A-LLVM
101082,https://github.com/rust-lang/rust/issues/101082,A-LLVM
101048,https://github.com/rust-lang/rust/issues/101048,A-LLVM
100834,https://github.com/rust-lang/rust/issues/100834,A-LLVM
100474,https://github.com/rust-lang/rust/issues/100474,A-LLVM
99960,https://github.com/rust-lang/rust/issues/99960,A-LLVM
99955,https://github.com/rust-lang/rust/issues/99955,A-LLVM
99196,https://github.com/rust-lang/rust/issues/99196,A-LLVM
99179,https://github.com/rust-lang/rust/issues/99179,A-LLVM
98768,https://github.com/rust-lang/rust/issues/98768,A-LLVM
98568,https://github.com/rust-lang/rust/issues/98568,A-LLVM
98468,https://github.com/rust-lang/rust/issues/98468,A-LLVM
98294,https://github.com/rust-lang/rust/issues/98294,A-LLVM
98215,https://github.com/rust-lang/rust/issues/98215,A-LLVM
98151,https://github.com/rust-lang/rust/issues/98151,A-LLVM
98076,https://github.com/rust-lang/rust/issues/98076,A-LLVM
97713,https://github.com/rust-lang/rust/issues/97713,A-LLVM
97552,https://github.com/rust-lang/rust/issues/97552,A-LLVM
97428,https://github.com/rust-lang/rust/issues/97428,A-LLVM
97217,https://github.com/rust-lang/rust/issues/97217,A-LLVM
96672,https://github.com/rust-lang/rust/issues/96672,A-LLVM
96275,https://github.com/rust-lang/rust/issues/96275,A-LLVM
96274,https://github.com/rust-lang/rust/issues/96274,A-LLVM
96242,https://github.com/rust-lang/rust/issues/96242,A-LLVM
96231,https://github.com/rust-lang/rust/issues/96231,A-LLVM
96152,https://github.com/rust-lang/rust/issues/96152,A-LLVM
96072,https://github.com/rust-lang/rust/issues/96072,A-LLVM
95874,https://github.com/rust-lang/rust/issues/95874,A-LLVM
95518,https://github.com/rust-lang/rust/issues/95518,A-gcc
95313,https://github.com/rust-lang/rust/issues/95313,A-LLVM
95113,https://github.com/rust-lang/rust/issues/95113,A-cranelift
95075,https://github.com/rust-lang/rust/issues/95075,A-cranelift
94923,https://github.com/rust-lang/rust/issues/94923,A-LLVM
94917,https://github.com/rust-lang/rust/issues/94917,A-LLVM
94762,https://github.com/rust-lang/rust/issues/94762,A-LLVM
94326,https://github.com/rust-lang/rust/issues/94326,A-LLVM
94275,https://github.com/rust-lang/rust/issues/94275,A-LLVM
94032,https://github.com/rust-lang/rust/issues/94032,A-LLVM
93923,https://github.com/rust-lang/rust/issues/93923,A-LLVM
93731,https://github.com/rust-lang/rust/issues/93731,A-LLVM
93372,https://github.com/rust-lang/rust/issues/93372,A-LLVM
93036,https://github.com/rust-lang/rust/issues/93036,A-LLVM
93011,https://github.com/rust-lang/rust/issues/93011,A-LLVM
92967,https://github.com/rust-lang/rust/issues/92967,A-LLVM
92885,https://github.com/rust-lang/rust/issues/92885,A-LLVM
92869,https://github.com/rust-lang/rust/issues/92869,A-LLVM
92794,https://github.com/rust-lang/rust/issues/92794,A-LLVM
92786,https://github.com/rust-lang/rust/issues/92786,A-LLVM
92676,https://github.com/rust-lang/rust/issues/92676,A-LLVM
